,Temporada,Competição,Dia_da_partida,Data,Venue,Clube,Oponente,Resultado,Minuto
0,02/03,Liga Portugal,6,10-07-02,H,Sporting CP,Moreirense FC,3:00,34
1,02/03,Liga Portugal,6,10-07-02,H,Sporting CP,Moreirense FC,3:00,90+5
2,02/03,Liga Portugal,8,10/26/02,A,Sporting CP,Boavista FC,1:02,88
3,02/03,Taca de Portugal Placard,Fourth Round,11/24/02,H,Sporting CP,CD Estarreja,4:01,67
4,02/03,Taca de Portugal Placard,Fifth Round,12/18/02,H,Sporting CP,FC Oliveira do Hospital,8:01,13
5,03/04,Premier League,11,11-01-03,H,Manchester United,Portsmouth FC,3:00,80
6,03/04,FA Cup,Fifth Round,2/14/04,H,Manchester United,Manchester City,4:02,74
7,03/04,Premier League,29,3/20/04,H,Manchester United,Tottenham Hotspur,3:00,89
8,03/04,Premier League,32,04-10-04,A,Manchester United,Birmingham City,1:02,60
9,03/04,Premier League,38,5/15/04,A,Manchester United,Aston Villa,0:02,4
10,03/04,FA Cup,Final,5/22/04,H,Manchester United,Millwall FC,3:00,44
11,04/05,Premier League,16,12-04-04,H,Manchester United,Southampton FC,3:00,87
12,04/05,FA Cup,Third Round,1/19/05,A,Manchester United,Exeter City,0:02,9
13,04/05,Premier League,24,1/22/05,H,Manchester United,Aston Villa,3:01,8
14,04/05,Premier League,25,02-01-05,A,Manchester United,Arsenal FC,2:04,54
15,04/05,Premier League,25,02-01-05,A,Manchester United,Arsenal FC,2:04,58
16,04/05,FA Cup,Fifth Round,2/19/05,A,Manchester United,Everton FC,0:02,58
17,04/05,FA Cup,Sixth Round,03-12-05,A,Manchester United,Southampton FC,0:04,45+1
18,04/05,Premier League,30,3/19/05,H,Manchester United,Fulham FC,1:00,21
19,04/05,FA Cup,Semi-Finals,4/17/05,A,Manchester United,Newcastle United,1:04,76
20,05/06,UEFA Champions League Qualifying,3rd round,08-09-05,H,Manchester United,Debreceni VSC,3:00,63
21,05/06,Premier League,11,10/29/05,A,Manchester United,Middlesbrough FC,4:01,90
22,05/06,EFL Cup,Round of 16,11/30/05,H,Manchester United,West Bromwich Albion,3:01,12
23,05/06,Premier League,20,12/31/05,H,Manchester United,Bolton Wanderers,4:01,68
24,05/06,Premier League,20,12/31/05,H,Manchester United,Bolton Wanderers,4:01,90
25,05/06,Premier League,25,02-04-06,H,Manchester United,Fulham FC,4:02,14
26,05/06,Premier League,25,02-04-06,H,Manchester United,Fulham FC,4:02,87
27,05/06,Premier League,26,02-11-06,A,Manchester United,Portsmouth FC,1:03,38
28,05/06,Premier League,26,02-11-06,A,Manchester United,Portsmouth FC,1:03,45
29,05/06,EFL Cup,Final,2/26/06,H,Manchester United,Wigan Athletic,4:00,59
30,05/06,Premier League,28,03-06-06,A,Manchester United,Wigan Athletic,1:02,74
31,05/06,Premier League,38,05-07-06,H,Manchester United,Charlton Athletic,4:00,23
32,06/07,Premier League,1,8/20/06,H,Manchester United,Fulham FC,5:01,19
33,06/07,Premier League,6,9/23/06,A,Manchester United,Reading FC,1:01,73
34,06/07,Premier League,10,10/28/06,A,Manchester United,Bolton Wanderers,0:04,82
35,06/07,Premier League,11,11-04-06,H,Manchester United,Portsmouth FC,3:00,10
36,06/07,Premier League,15,11/29/06,H,Manchester United,Everton FC,3:00,39
37,06/07,Premier League,17,12-09-06,H,Manchester United,Manchester City,3:01,84
38,06/07,Premier League,19,12/23/06,A,Manchester United,Aston Villa,0:03,58
39,06/07,Premier League,19,12/23/06,A,Manchester United,Aston Villa,0:03,85
40,06/07,Premier League,20,12/26/06,H,Manchester United,Wigan Athletic,3:01,47
41,06/07,Premier League,20,12/26/06,H,Manchester United,Wigan Athletic,3:01,50
42,06/07,Premier League,21,12/30/06,H,Manchester United,Reading FC,3:02,58
43,06/07,Premier League,21,12/30/06,H,Manchester United,Reading FC,3:02,77
44,06/07,Premier League,23,1/13/07,H,Manchester United,Aston Villa,3:01,34
45,06/07,Premier League,25,1/31/07,H,Manchester United,Watford FC,4:00,12
46,06/07,Premier League,26,02-03-07,A,Manchester United,Tottenham Hotspur,0:04,45
47,06/07,Premier League,28,2/24/07,A,Manchester United,Fulham FC,1:02,88
48,06/07,FA Cup,Sixth Round,03-10-07,A,Manchester United,Middlesbrough FC,2:02,68
49,06/07,FA Cup,6th round,3/19/07,H,Manchester United,Middlesbrough FC,1:00,76
50,06/07,UEFA Champions League,Quarter-Finals,04-10-07,H,Manchester United,AS Roma,7:01,44
51,06/07,UEFA Champions League,Quarter-Finals,04-10-07,H,Manchester United,AS Roma,7:01,49
52,06/07,FA Cup,Semi-Finals,4/14/07,A,Manchester United,Watford FC,1:04,28
53,06/07,UEFA Champions League,Semi-Finals,4/24/07,H,Manchester United,AC Milan,3:02,5
54,06/07,Premier League,37,05-05-07,A,Manchester United,Manchester City,0:01,34
55,07/08,UEFA Champions League,Group Stage,9/19/07,A,Manchester United,Sporting CP,0:01,62
56,07/08,Premier League,8,9/29/07,A,Manchester United,Birmingham City,0:01,51
57,07/08,Premier League,9,10-06-07,H,Manchester United,Wigan Athletic,4:00,59
58,07/08,Premier League,9,10-06-07,H,Manchester United,Wigan Athletic,4:00,76
59,07/08,UEFA Champions League,Group Stage,10/23/07,A,Manchester United,Dynamo Kyiv,2:04,41
60,07/08,UEFA Champions League,Group Stage,10/23/07,A,Manchester United,Dynamo Kyiv,2:04,68
61,07/08,Premier League,12,11-03-07,A,Manchester United,Arsenal FC,2:02,82
62,07/08,UEFA Champions League,Group Stage,11-07-07,H,Manchester United,Dynamo Kyiv,4:00,88
63,07/08,Premier League,13,11-11-07,H,Manchester United,Blackburn Rovers,2:00,34
64,07/08,Premier League,13,11-11-07,H,Manchester United,Blackburn Rovers,2:00,35
65,07/08,UEFA Champions League,Group Stage,11/27/07,H,Manchester United,Sporting CP,2:01,90+3
66,07/08,Premier League,15,12-03-07,H,Manchester United,Fulham FC,2:00,10
67,07/08,Premier League,15,12-03-07,H,Manchester United,Fulham FC,2:00,58
68,07/08,Premier League,16,12-08-07,H,Manchester United,Derby County,4:01,90
69,07/08,Premier League,18,12/23/07,H,Manchester United,Everton FC,2:01,22
70,07/08,Premier League,18,12/23/07,H,Manchester United,Everton FC,2:01,87
71,07/08,Premier League,19,12/26/07,A,Manchester United,Sunderland AFC,0:04,45
72,07/08,Premier League,20,12/29/07,A,Manchester United,West Ham United,2:01,14
73,07/08,FA Cup,Third Round,01-05-08,A,Manchester United,Aston Villa,0:02,81
74,07/08,Premier League,22,01-12-08,H,Manchester United,Newcastle United,6:00,48
75,07/08,Premier League,22,01-12-08,H,Manchester United,Newcastle United,6:00,70
76,07/08,Premier League,22,01-12-08,H,Manchester United,Newcastle United,6:00,88
77,07/08,Premier League,23,1/19/08,A,Manchester United,Reading FC,0:02,90+2
78,07/08,FA Cup,Fourth Round,1/27/08,H,Manchester United,Tottenham Hotspur,3:01,69
79,07/08,FA Cup,Fourth Round,1/27/08,H,Manchester United,Tottenham Hotspur,3:01,88
80,07/08,Premier League,24,1/30/08,H,Manchester United,Portsmouth FC,2:00,10
81,07/08,Premier League,24,1/30/08,H,Manchester United,Portsmouth FC,2:00,12
82,07/08,Premier League,27,2/23/08,A,Manchester United,Newcastle United,1:05,45
83,07/08,Premier League,27,2/23/08,A,Manchester United,Newcastle United,1:05,56
84,07/08,UEFA Champions League,last 16,03-04-08,H,Manchester United,Olympique Lyon,1:00,41
85,07/08,Premier League,29,3/15/08,A,Manchester United,Derby County,0:01,76
86,07/08,Premier League,30,3/19/08,H,Manchester United,Bolton Wanderers,2:00,8
87,07/08,Premier League,30,3/19/08,H,Manchester United,Bolton Wanderers,2:00,19
88,07/08,Premier League,31,3/23/08,H,Manchester United,Liverpool FC,3:00,79
89,07/08,Premier League,32,3/29/08,H,Manchester United,Aston Villa,4:00,16
90,07/08,UEFA Champions League,Quarter-Finals,04-01-08,A,Manchester United,AS Roma,0:02,39
91,07/08,Premier League,33,04-06-08,A,Manchester United,Middlesbrough FC,2:02,9
92,07/08,Premier League,34,4/13/08,H,Manchester United,Arsenal FC,2:01,53
93,07/08,Premier League,37,05-03-08,H,Manchester United,West Ham United,4:01,3
94,07/08,Premier League,37,05-03-08,H,Manchester United,West Ham United,4:01,24
95,07/08,Premier League,38,05-11-08,A,Manchester United,Wigan Athletic,0:02,32
96,07/08,UEFA Champions League,Final,5/21/08,H,Manchester United,Chelsea FC,6:5 on pens,26
97,08/09,EFL Cup,Third Round,9/23/08,H,Manchester United,Middlesbrough FC,3:01,25
98,08/09,Premier League,6,9/27/08,H,Manchester United,Bolton Wanderers,2:00,59
99,08/09,Premier League,8,10/18/08,H,Manchester United,West Bromwich Albion,4:00,69
100,08/09,Premier League,10,10/29/08,H,Manchester United,West Ham United,2:00,14
101,08/09,Premier League,10,10/29/08,H,Manchester United,West Ham United,2:00,30
102,08/09,Premier League,11,11-01-08,H,Manchester United,Hull City,4:03,3
103,08/09,Premier League,11,11-01-08,H,Manchester United,Hull City,4:03,43
104,08/09,Premier League,13,11/15/08,H,Manchester United,Stoke City,5:00,3
105,08/09,Premier League,13,11/15/08,H,Manchester United,Stoke City,5:00,88
106,08/09,FIFA Club World Cup,Semi-Finals,12/18/08,A,Manchester United,Gamba Osaka,3:05,45+1
107,08/09,EFL Cup,Semi-Finals,1/20/09,H,Manchester United,Derby County,4:02,89
108,08/09,Premier League,23,1/27/09,A,Manchester United,West Bromwich Albion,0:05,65
109,08/09,Premier League,23,1/27/09,A,Manchester United,West Bromwich Albion,0:05,73
110,08/09,Premier League,24,1/31/09,H,Manchester United,Everton FC,1:00,43
111,08/09,FA Cup,Fifth Round,2/15/09,A,Manchester United,Derby County,1:04,68
112,08/09,Premier League,26,2/21/09,H,Manchester United,Blackburn Rovers,2:01,60
113,08/09,UEFA Champions League,last 16,03-11-09,H,Manchester United,FC Internazionale,2:00,49
114,08/09,Premier League,29,3/14/09,H,Manchester United,Liverpool FC,1:04,22
115,08/09,Premier League,31,04-05-09,H,Manchester United,Aston Villa,3:02,11
116,08/09,Premier League,31,04-05-09,H,Manchester United,Aston Villa,3:02,80
117,08/09,UEFA Champions League,Quarter-Finals,4/15/09,A,Manchester United,FC Porto,0:01,6
118,08/09,Premier League,34,4/25/09,H,Manchester United,Tottenham Hotspur,5:02,57
119,08/09,Premier League,34,4/25/09,H,Manchester United,Tottenham Hotspur,5:02,68
120,08/09,UEFA Champions League,Semi-Finals,05-05-09,A,Manchester United,Arsenal FC,1:03,11
121,08/09,UEFA Champions League,Semi-Finals,05-05-09,A,Manchester United,Arsenal FC,1:03,61
122,08/09,Premier League,36,05-10-09,H,Manchester United,Manchester City,2:00,17
123,09/10,LaLiga,1,8/29/09,H,Real Madrid,Deportivo de La CoruÃ±a,3:02,35
124,09/10,LaLiga,2,09-12-09,A,Real Madrid,RCD Espanyol Barcelona,0:03,90
125,09/10,UEFA Champions League,Group Stage,9/15/09,A,Real Madrid,FC ZÃ¼rich,2:05,27
126,09/10,UEFA Champions League,Group Stage,9/15/09,A,Real Madrid,FC ZÃ¼rich,2:05,89
127,09/10,LaLiga,3,9/20/09,H,Real Madrid,Xerez CD,5:00,1
128,09/10,LaLiga,3,9/20/09,H,Real Madrid,Xerez CD,5:00,75
129,09/10,LaLiga,4,9/23/09,A,Real Madrid,Villarreal CF,0:02,2
130,09/10,UEFA Champions League,Group Stage,9/30/09,H,Real Madrid,Olympique Marseille,3:00,58
131,09/10,UEFA Champions League,Group Stage,9/30/09,H,Real Madrid,Olympique Marseille,3:00,64
132,09/10,LaLiga,13,12-05-09,H,Real Madrid,UD Almeria,4:02,84
133,09/10,UEFA Champions League,Group Stage,12-08-09,A,Real Madrid,Olympique Marseille,1:03,5
134,09/10,UEFA Champions League,Group Stage,12-08-09,A,Real Madrid,Olympique Marseille,1:03,80
135,09/10,LaLiga,15,12/19/09,H,Real Madrid,Real Zaragoza,6:00,50
136,09/10,LaLiga,19,1/24/10,H,Real Madrid,Malaga CF,2:00,35
137,09/10,LaLiga,19,1/24/10,H,Real Madrid,Malaga CF,2:00,39
138,09/10,LaLiga,22,2/13/10,A,Real Madrid,Xerez CD,0:03,69
139,09/10,LaLiga,22,2/13/10,A,Real Madrid,Xerez CD,0:03,71
140,09/10,LaLiga,23,2/21/10,H,Real Madrid,Villarreal CF,6:02,18
141,09/10,LaLiga,24,2/27/10,A,Real Madrid,CD Tenerife,1:05,78
142,09/10,LaLiga,25,03-06-10,H,Real Madrid,Sevilla FC,3:02,59
143,09/10,UEFA Champions League,last 16,03-10-10,H,Real Madrid,Olympique Lyon,1:01,6
144,09/10,LaLiga,26,3/14/10,A,Real Madrid,Real Valladolid CF,1:04,29
145,09/10,LaLiga,28,3/25/10,A,Real Madrid,Getafe CF,2:04,13
146,09/10,LaLiga,28,3/25/10,A,Real Madrid,Getafe CF,2:04,36
147,09/10,LaLiga,30,04-04-10,A,Real Madrid,Racing Santander,0:02,23
148,09/10,LaLiga,32,4/15/10,A,Real Madrid,UD Almeria,1:02,26
149,09/10,LaLiga,33,4/18/10,H,Real Madrid,Valencia CF,2:00,77
150,09/10,LaLiga,35,05-02-10,H,Real Madrid,CA Osasuna,3:02,25
151,09/10,LaLiga,35,05-02-10,H,Real Madrid,CA Osasuna,3:02,89
152,09/10,LaLiga,36,05-05-10,A,Real Madrid,RCD Mallorca,1:04,26
153,09/10,LaLiga,36,05-05-10,A,Real Madrid,RCD Mallorca,1:04,56
154,09/10,LaLiga,36,05-05-10,A,Real Madrid,RCD Mallorca,1:04,71
155,09/10,LaLiga,37,05-08-10,H,Real Madrid,Athletic Bilbao,5:01,21
156,10/11,LaLiga,4,9/21/10,H,Real Madrid,RCD Espanyol Barcelona,3:00,28
157,10/11,LaLiga,6,10-03-10,H,Real Madrid,Deportivo de La CoruÃ±a,6:01,4
158,10/11,LaLiga,6,10-03-10,H,Real Madrid,Deportivo de La CoruÃ±a,6:01,89
159,10/11,LaLiga,7,10/16/10,A,Real Madrid,Malaga CF,1:04,45
160,10/11,LaLiga,7,10/16/10,A,Real Madrid,Malaga CF,1:04,50
161,10/11,UEFA Champions League,Group Stage,10/19/10,H,Real Madrid,AC Milan,2:00,13
162,10/11,LaLiga,8,10/23/10,H,Real Madrid,Racing Santander,6:01,15
163,10/11,LaLiga,8,10/23/10,H,Real Madrid,Racing Santander,6:01,26
164,10/11,LaLiga,8,10/23/10,H,Real Madrid,Racing Santander,6:01,47
165,10/11,LaLiga,8,10/23/10,H,Real Madrid,Racing Santander,6:01,55
166,10/11,LaLiga,9,10/30/10,A,Real Madrid,Hercules CF,1:03,82
167,10/11,LaLiga,9,10/30/10,A,Real Madrid,Hercules CF,1:03,86
168,10/11,Copa del Rey,4th round,11-10-10,H,Real Madrid,Real Murcia CF,5:01,76
169,10/11,LaLiga,12,11/20/10,H,Real Madrid,Athletic Bilbao,5:01,30
170,10/11,LaLiga,12,11/20/10,H,Real Madrid,Athletic Bilbao,5:01,62
171,10/11,LaLiga,12,11/20/10,H,Real Madrid,Athletic Bilbao,5:01,90+1
172,10/11,UEFA Champions League,Group Stage,11/23/10,A,Real Madrid,Ajax Amsterdam,0:04,70
173,10/11,UEFA Champions League,Group Stage,11/23/10,A,Real Madrid,Ajax Amsterdam,0:04,81
174,10/11,LaLiga,14,12-04-10,H,Real Madrid,Valencia CF,2:00,72
175,10/11,LaLiga,14,12-04-10,H,Real Madrid,Valencia CF,2:00,86
176,10/11,UEFA Champions League,Group Stage,12-08-10,H,Real Madrid,AJ Auxerre,4:00,49
177,10/11,LaLiga,15,12-12-10,A,Real Madrid,Real Zaragoza,1:03,43
178,10/11,Copa del Rey,last 16,12/22/10,H,Real Madrid,Levante UD,8:00,44
179,10/11,Copa del Rey,last 16,12/22/10,H,Real Madrid,Levante UD,8:00,71
180,10/11,Copa del Rey,last 16,12/22/10,H,Real Madrid,Levante UD,8:00,73
181,10/11,LaLiga,17,01-03-11,A,Real Madrid,Getafe CF,2:03,11
182,10/11,LaLiga,17,01-03-11,A,Real Madrid,Getafe CF,2:03,57
183,10/11,LaLiga,18,01-09-11,H,Real Madrid,Villarreal CF,4:02,10
184,10/11,LaLiga,18,01-09-11,H,Real Madrid,Villarreal CF,4:02,45
185,10/11,LaLiga,18,01-09-11,H,Real Madrid,Villarreal CF,4:02,79
186,10/11,Copa del Rey,Quarter-Finals,1/13/11,H,Real Madrid,Atletico de Madrid,3:01,60
187,10/11,Copa del Rey,Quarter-Finals,1/20/11,A,Real Madrid,Atletico de Madrid,0:01,22
188,10/11,LaLiga,22,02-06-11,H,Real Madrid,Real Sociedad,4:01,20
189,10/11,LaLiga,22,02-06-11,H,Real Madrid,Real Sociedad,4:01,42
190,10/11,LaLiga,26,03-03-11,H,Real Madrid,Malaga CF,7:00,50
191,10/11,LaLiga,26,03-03-11,H,Real Madrid,Malaga CF,7:00,67
192,10/11,LaLiga,26,03-03-11,H,Real Madrid,Malaga CF,7:00,76
193,10/11,UEFA Champions League,Quarter-Finals,04-05-11,H,Real Madrid,Tottenham Hotspur,4:00,87
194,10/11,LaLiga,31,04-09-11,A,Real Madrid,Athletic Bilbao,0:03,70
195,10/11,UEFA Champions League,Quarter-Finals,4/13/11,A,Real Madrid,Tottenham Hotspur,0:01,50
196,10/11,LaLiga,32,4/16/11,H,Real Madrid,FC Barcelona,1:01,82
197,10/11,Copa del Rey,Final,4/20/11,A,Real Madrid,FC Barcelona,0:1 AET,103
198,10/11,LaLiga,35,05-07-11,A,Real Madrid,Sevilla FC,2:06,30
199,10/11,LaLiga,35,05-07-11,A,Real Madrid,Sevilla FC,2:06,64
200,10/11,LaLiga,35,05-07-11,A,Real Madrid,Sevilla FC,2:06,70
201,10/11,LaLiga,35,05-07-11,A,Real Madrid,Sevilla FC,2:06,76
202,10/11,LaLiga,36,05-10-11,H,Real Madrid,Getafe CF,4:00,23
203,10/11,LaLiga,36,05-10-11,H,Real Madrid,Getafe CF,4:00,57
204,10/11,LaLiga,36,05-10-11,H,Real Madrid,Getafe CF,4:00,90+1
205,10/11,LaLiga,37,5/15/11,A,Real Madrid,Villarreal CF,1:03,22
206,10/11,LaLiga,37,5/15/11,A,Real Madrid,Villarreal CF,1:03,90
207,10/11,LaLiga,38,5/21/11,H,Real Madrid,UD Almeria,8:01,4
208,10/11,LaLiga,38,5/21/11,H,Real Madrid,UD Almeria,8:01,76
209,11/12,Supercopa,final,8/17/11,A,Real Madrid,FC Barcelona,3:02,20
210,11/12,LaLiga,2,8/28/11,A,Real Madrid,Real Zaragoza,0:06,23
211,11/12,LaLiga,2,8/28/11,A,Real Madrid,Real Zaragoza,0:06,70
212,11/12,LaLiga,2,8/28/11,A,Real Madrid,Real Zaragoza,0:06,86
213,11/12,LaLiga,3,09-10-11,H,Real Madrid,Getafe CF,4:02,59
214,11/12,LaLiga,6,9/24/11,H,Real Madrid,Rayo Vallecano,6:02,39
215,11/12,LaLiga,6,9/24/11,H,Real Madrid,Rayo Vallecano,6:02,51
216,11/12,LaLiga,6,9/24/11,H,Real Madrid,Rayo Vallecano,6:02,84
217,11/12,UEFA Champions League,Group Stage,9/27/11,H,Real Madrid,Ajax Amsterdam,3:00,25
218,11/12,LaLiga,9,10/22/11,A,Real Madrid,Malaga CF,0:04,24
219,11/12,LaLiga,9,10/22/11,A,Real Madrid,Malaga CF,0:04,28
220,11/12,LaLiga,9,10/22/11,A,Real Madrid,Malaga CF,0:04,38
221,11/12,UEFA Champions League,Group Stage,11-02-11,A,Real Madrid,Olympique Lyon,0:02,25
222,11/12,UEFA Champions League,Group Stage,11-02-11,A,Real Madrid,Olympique Lyon,0:02,69
223,11/12,LaLiga,12,11-06-11,H,Real Madrid,CA Osasuna,7:01,23
224,11/12,LaLiga,12,11-06-11,H,Real Madrid,CA Osasuna,7:01,55
225,11/12,LaLiga,12,11-06-11,H,Real Madrid,CA Osasuna,7:01,58
226,11/12,LaLiga,13,11/19/11,A,Real Madrid,Valencia CF,2:03,79
227,11/12,LaLiga,14,11/26/11,H,Real Madrid,Atletico de Madrid,4:01,24
228,11/12,LaLiga,14,11/26/11,H,Real Madrid,Atletico de Madrid,4:01,82
229,11/12,LaLiga,15,12-03-11,A,Real Madrid,Sporting GijÃ³n,0:03,65
230,11/12,Copa del Rey,4th round,12/13/11,A,Real Madrid,SD Ponferradina,0:02,74
231,11/12,LaLiga,17,12/17/11,A,Real Madrid,Sevilla FC,2:06,10
232,11/12,LaLiga,17,12/17/11,A,Real Madrid,Sevilla FC,2:06,41
233,11/12,LaLiga,17,12/17/11,A,Real Madrid,Sevilla FC,2:06,86
234,11/12,LaLiga,18,01-07-12,H,Real Madrid,Granada CF,5:01,89
235,11/12,Copa del Rey,Quarter-Finals,1/18/12,H,Real Madrid,FC Barcelona,1:02,11
236,11/12,LaLiga,1,1/22/12,H,Real Madrid,Athletic Bilbao,4:01,46
237,11/12,LaLiga,1,1/22/12,H,Real Madrid,Athletic Bilbao,4:01,67
238,11/12,Copa del Rey,Quarter-Finals,1/25/12,A,Real Madrid,FC Barcelona,2:02,68
239,11/12,LaLiga,21,1/28/12,H,Real Madrid,Real Zaragoza,3:01,48
240,11/12,LaLiga,23,02-12-12,H,Real Madrid,Levante UD,4:02,45
241,11/12,LaLiga,23,02-12-12,H,Real Madrid,Levante UD,4:02,50
242,11/12,LaLiga,23,02-12-12,H,Real Madrid,Levante UD,4:02,57
243,11/12,LaLiga,24,2/18/12,H,Real Madrid,Racing Santander,4:00,6
244,11/12,UEFA Champions League,last 16,2/21/12,A,Real Madrid,CSKA Moscow,1:01,28
245,11/12,LaLiga,25,2/26/12,A,Real Madrid,Rayo Vallecano,0:01,53
246,11/12,LaLiga,26,03-04-12,H,Real Madrid,RCD Espanyol Barcelona,5:00,23
247,11/12,LaLiga,27,03-10-12,A,Real Madrid,Real Betis Balompie,2:03,52
248,11/12,LaLiga,27,03-10-12,A,Real Madrid,Real Betis Balompie,2:03,73
249,11/12,UEFA Champions League,last 16,3/14/12,H,Real Madrid,CSKA Moscow,4:01,55
250,11/12,UEFA Champions League,last 16,3/14/12,H,Real Madrid,CSKA Moscow,4:01,90+4
251,11/12,LaLiga,29,3/21/12,A,Real Madrid,Villarreal CF,1:01,61
252,11/12,LaLiga,30,3/24/12,H,Real Madrid,Real Sociedad,5:01,32
253,11/12,LaLiga,30,3/24/12,H,Real Madrid,Real Sociedad,5:01,55
254,11/12,LaLiga,31,3/31/12,A,Real Madrid,CA Osasuna,1:05,37
255,11/12,LaLiga,31,3/31/12,A,Real Madrid,CA Osasuna,1:05,70
256,11/12,UEFA Champions League,Quarter-Finals,04-04-12,H,Real Madrid,APOEL Nicosia,5:02,26
257,11/12,UEFA Champions League,Quarter-Finals,04-04-12,H,Real Madrid,APOEL Nicosia,5:02,75
258,11/12,LaLiga,33,04-11-12,A,Real Madrid,Atletico de Madrid,1:04,24
259,11/12,LaLiga,33,04-11-12,A,Real Madrid,Atletico de Madrid,1:04,67
260,11/12,LaLiga,33,04-11-12,A,Real Madrid,Atletico de Madrid,1:04,82
261,11/12,LaLiga,34,4/14/12,H,Real Madrid,Sporting GijÃ³n,3:01,74
262,11/12,LaLiga,35,4/21/12,A,Real Madrid,FC Barcelona,1:02,73
263,11/12,UEFA Champions League,Semi-Finals,4/25/12,H,Real Madrid,Bayern Munich,3:4 on pens,6
264,11/12,UEFA Champions League,Semi-Finals,4/25/12,H,Real Madrid,Bayern Munich,3:4 on pens,14
265,11/12,LaLiga,36,4/29/12,H,Real Madrid,Sevilla FC,3:00,19
266,11/12,LaLiga,20,05-02-12,A,Real Madrid,Athletic Bilbao,0:03,49
267,11/12,LaLiga,37,05-05-12,A,Real Madrid,Granada CF,1:02,81
268,11/12,LaLiga,38,5/13/12,H,Real Madrid,RCD Mallorca,4:01,18
269,Dec-13,Supercopa,final,8/23/12,A,Real Madrid,FC Barcelona,3:02,55
270,Dec-13,Supercopa,final,8/29/12,H,Real Madrid,FC Barcelona,2:01,19
271,Dec-13,LaLiga,3,09-02-12,H,Real Madrid,Granada CF,3:00,25
272,Dec-13,LaLiga,3,09-02-12,H,Real Madrid,Granada CF,3:00,53
273,Dec-13,UEFA Champions League,Group Stage,9/18/12,H,Real Madrid,Manchester City,3:02,90
274,Dec-13,LaLiga,5,9/24/12,A,Real Madrid,Rayo Vallecano,0:02,69
275,Dec-13,LaLiga,6,9/30/12,H,Real Madrid,Deportivo de La CoruÃ±a,5:01,23
276,Dec-13,LaLiga,6,9/30/12,H,Real Madrid,Deportivo de La CoruÃ±a,5:01,44
277,Dec-13,LaLiga,6,9/30/12,H,Real Madrid,Deportivo de La CoruÃ±a,5:01,84
278,Dec-13,UEFA Champions League,Group Stage,10-03-12,A,Real Madrid,Ajax Amsterdam,1:04,42
279,Dec-13,UEFA Champions League,Group Stage,10-03-12,A,Real Madrid,Ajax Amsterdam,1:04,79
280,Dec-13,UEFA Champions League,Group Stage,10-03-12,A,Real Madrid,Ajax Amsterdam,1:04,81
281,Dec-13,LaLiga,7,10-07-12,A,Real Madrid,FC Barcelona,2:02,22
282,Dec-13,LaLiga,7,10-07-12,A,Real Madrid,FC Barcelona,2:02,66
283,Dec-13,LaLiga,8,10/20/12,H,Real Madrid,Celta de Vigo,2:00,67
284,Dec-13,UEFA Champions League,Group Stage,10/24/12,A,Real Madrid,Borussia Dortmund,2:01,38
285,Dec-13,LaLiga,9,10/28/12,A,Real Madrid,RCD Mallorca,0:05,22
286,Dec-13,LaLiga,9,10/28/12,A,Real Madrid,RCD Mallorca,0:05,73
287,Dec-13,LaLiga,11,11-11-12,A,Real Madrid,Levante UD,1:02,20
288,Dec-13,LaLiga,14,12-01-12,H,Real Madrid,Atletico de Madrid,2:00,16
289,Dec-13,UEFA Champions League,Group Stage,12-04-12,H,Real Madrid,Ajax Amsterdam,4:01,13
290,Dec-13,Copa del Rey,last 16,12-12-12,A,Real Madrid,Celta de Vigo,2:01,87
291,Dec-13,LaLiga,16,12/16/12,H,Real Madrid,RCD Espanyol Barcelona,2:02,45
292,Dec-13,LaLiga,18,01-06-13,H,Real Madrid,Real Sociedad,4:03,67
293,Dec-13,LaLiga,18,01-06-13,H,Real Madrid,Real Sociedad,4:03,70
294,Dec-13,Copa del Rey,last 16,01-09-13,H,Real Madrid,Celta de Vigo,4:00,2
295,Dec-13,Copa del Rey,last 16,01-09-13,H,Real Madrid,Celta de Vigo,4:00,24
296,Dec-13,Copa del Rey,last 16,01-09-13,H,Real Madrid,Celta de Vigo,4:00,87
297,Dec-13,LaLiga,20,1/20/13,A,Real Madrid,Valencia CF,0:05,35
298,Dec-13,LaLiga,20,1/20/13,A,Real Madrid,Valencia CF,0:05,41
299,Dec-13,LaLiga,21,1/27/13,H,Real Madrid,Getafe CF,4:00,62
300,Dec-13,LaLiga,21,1/27/13,H,Real Madrid,Getafe CF,4:00,65
301,Dec-13,LaLiga,21,1/27/13,H,Real Madrid,Getafe CF,4:00,72
302,Dec-13,LaLiga,23,02-09-13,H,Real Madrid,Sevilla FC,4:01,26
303,Dec-13,LaLiga,23,02-09-13,H,Real Madrid,Sevilla FC,4:01,46
304,Dec-13,LaLiga,23,02-09-13,H,Real Madrid,Sevilla FC,4:01,59
305,Dec-13,UEFA Champions League,last 16,2/13/13,H,Real Madrid,Manchester United,1:01,30
306,Dec-13,Copa del Rey,Semi-Finals,2/26/13,A,Real Madrid,FC Barcelona,1:03,12
307,Dec-13,Copa del Rey,Semi-Finals,2/26/13,A,Real Madrid,FC Barcelona,1:03,57
308,Dec-13,UEFA Champions League,last 16,03-05-13,A,Real Madrid,Manchester United,1:02,69
309,Dec-13,LaLiga,27,03-10-13,A,Real Madrid,Celta de Vigo,1:02,61
310,Dec-13,LaLiga,27,03-10-13,A,Real Madrid,Celta de Vigo,1:02,71
311,Dec-13,LaLiga,28,3/16/13,H,Real Madrid,RCD Mallorca,5:02,52
312,Dec-13,LaLiga,29,3/30/13,A,Real Madrid,Real Zaragoza,1:01,38
313,Dec-13,UEFA Champions League,Quarter-Finals,04-03-13,H,Real Madrid,Galatasaray,3:00,9
314,Dec-13,LaLiga,30,04-06-13,H,Real Madrid,Levante UD,5:01,84
315,Dec-13,UEFA Champions League,Quarter-Finals,04-09-13,A,Real Madrid,Galatasaray,3:02,8
316,Dec-13,UEFA Champions League,Quarter-Finals,04-09-13,A,Real Madrid,Galatasaray,3:02,90+2
317,Dec-13,LaLiga,31,4/14/13,A,Real Madrid,Athletic Bilbao,0:03,2
318,Dec-13,LaLiga,31,4/14/13,A,Real Madrid,Athletic Bilbao,0:03,68
319,Dec-13,UEFA Champions League,Semi-Finals,4/24/13,A,Real Madrid,Borussia Dortmund,4:01,43
320,Dec-13,LaLiga,34,05-04-13,H,Real Madrid,Real Valladolid CF,4:03,32
321,Dec-13,LaLiga,34,05-04-13,H,Real Madrid,Real Valladolid CF,4:03,70
322,Dec-13,LaLiga,36,05-08-13,H,Real Madrid,Malaga CF,6:02,26
323,Dec-13,Copa del Rey,Final,5/17/13,A,Real Madrid,Atletico de Madrid,2:1 AET,14
324,13/14,LaLiga,3,09-01-13,H,Real Madrid,Athletic Bilbao,3:01,45
325,13/14,LaLiga,4,9/14/13,A,Real Madrid,Villarreal CF,2:02,64
326,13/14,UEFA Champions League,Group Stage,9/17/13,A,Real Madrid,Galatasaray,1:06,63
327,13/14,UEFA Champions League,Group Stage,9/17/13,A,Real Madrid,Galatasaray,1:06,66
328,13/14,UEFA Champions League,Group Stage,9/17/13,A,Real Madrid,Galatasaray,1:06,90
329,13/14,LaLiga,5,9/22/13,H,Real Madrid,Getafe CF,4:01,34
330,13/14,LaLiga,5,9/22/13,H,Real Madrid,Getafe CF,4:01,90
331,13/14,LaLiga,6,9/25/13,A,Real Madrid,Elche CF,1:02,51
332,13/14,LaLiga,6,9/25/13,A,Real Madrid,Elche CF,1:02,90+6
333,13/14,UEFA Champions League,Group Stage,10-02-13,H,Real Madrid,FC Copenhagen,4:00,21
334,13/14,UEFA Champions League,Group Stage,10-02-13,H,Real Madrid,FC Copenhagen,4:00,65
335,13/14,LaLiga,8,10-05-13,A,Real Madrid,Levante UD,2:03,90+4
336,13/14,LaLiga,9,10/19/13,H,Real Madrid,Malaga CF,2:00,90+1
337,13/14,UEFA Champions League,Group Stage,10/23/13,H,Real Madrid,Juventus FC,2:01,4
338,13/14,UEFA Champions League,Group Stage,10/23/13,H,Real Madrid,Juventus FC,2:01,29
339,13/14,LaLiga,11,10/30/13,H,Real Madrid,Sevilla FC,7:03,31
340,13/14,LaLiga,11,10/30/13,H,Real Madrid,Sevilla FC,7:03,60
341,13/14,LaLiga,11,10/30/13,H,Real Madrid,Sevilla FC,7:03,71
342,13/14,LaLiga,12,11-02-13,A,Real Madrid,Rayo Vallecano,2:03,3
343,13/14,LaLiga,12,11-02-13,A,Real Madrid,Rayo Vallecano,2:03,48
344,13/14,UEFA Champions League,Group Stage,11-05-13,A,Real Madrid,Juventus FC,2:02,52
345,13/14,LaLiga,13,11-09-13,H,Real Madrid,Real Sociedad,5:01,12
346,13/14,LaLiga,13,11-09-13,H,Real Madrid,Real Sociedad,5:01,27
347,13/14,LaLiga,13,11-09-13,H,Real Madrid,Real Sociedad,5:01,76
348,13/14,LaLiga,14,11/23/13,A,Real Madrid,UD Almeria,0:05,3
349,13/14,UEFA Champions League,Group Stage,12-10-13,A,Real Madrid,FC Copenhagen,0:02,48
350,13/14,LaLiga,17,12/22/13,A,Real Madrid,Valencia CF,2:03,40
351,13/14,LaLiga,18,01-06-14,H,Real Madrid,Celta de Vigo,3:00,82
352,13/14,LaLiga,18,01-06-14,H,Real Madrid,Celta de Vigo,3:00,90
353,13/14,Copa del Rey,last 16,1/15/14,A,Real Madrid,CA Osasuna,0:02,22
354,13/14,LaLiga,20,1/18/14,A,Real Madrid,Real Betis Balompie,0:05,10
355,13/14,LaLiga,21,1/25/14,H,Real Madrid,Granada CF,2:00,57
356,13/14,Copa del Rey,Semi-Finals,02-11-14,A,Real Madrid,Atletico de Madrid,0:02,6
357,13/14,Copa del Rey,Semi-Finals,02-11-14,A,Real Madrid,Atletico de Madrid,0:02,15
358,13/14,UEFA Champions League,last 16,2/26/14,A,Real Madrid,FC Schalke 04,1:06,52
359,13/14,UEFA Champions League,last 16,2/26/14,A,Real Madrid,FC Schalke 04,1:06,89
360,13/14,LaLiga,26,03-02-14,A,Real Madrid,Atletico de Madrid,2:02,82
361,13/14,LaLiga,27,03-09-14,H,Real Madrid,Levante UD,3:00,11
362,13/14,LaLiga,28,3/15/14,A,Real Madrid,Malaga CF,0:01,23
363,13/14,UEFA Champions League,last 16,3/18/14,H,Real Madrid,FC Schalke 04,3:01,22
364,13/14,UEFA Champions League,last 16,3/18/14,H,Real Madrid,FC Schalke 04,3:01,74
365,13/14,LaLiga,29,3/23/14,H,Real Madrid,FC Barcelona,3:04,55
366,13/14,LaLiga,30,3/26/14,A,Real Madrid,Sevilla FC,2:01,14
367,13/14,LaLiga,31,3/29/14,H,Real Madrid,Rayo Vallecano,5:00,15
368,13/14,UEFA Champions League,Quarter-Finals,04-02-14,H,Real Madrid,Borussia Dortmund,3:00,57
369,13/14,LaLiga,35,4/26/14,H,Real Madrid,CA Osasuna,4:00,6
370,13/14,LaLiga,35,4/26/14,H,Real Madrid,CA Osasuna,4:00,52
371,13/14,UEFA Champions League,Semi-Finals,4/29/14,A,Real Madrid,Bayern Munich,0:04,34
372,13/14,UEFA Champions League,Semi-Finals,4/29/14,A,Real Madrid,Bayern Munich,0:04,90
373,13/14,LaLiga,36,05-04-14,H,Real Madrid,Valencia CF,2:02,90
374,13/14,UEFA Champions League,Final,5/24/14,H,Real Madrid,Atletico de Madrid,4:1 AET,120
375,14/15,UEFA Super Cup,Final,08-12-14,H,Real Madrid,Sevilla FC,2:00,30
376,14/15,UEFA Super Cup,Final,08-12-14,H,Real Madrid,Sevilla FC,2:00,49
377,14/15,LaLiga,1,8/25/14,H,Real Madrid,CÃ³rdoba CF,2:00,90
378,14/15,LaLiga,3,9/13/14,H,Real Madrid,Atletico de Madrid,1:02,25
379,14/15,UEFA Champions League,Group Stage,9/16/14,H,Real Madrid,FC Basel 1893,5:01,31
380,14/15,LaLiga,4,9/20/14,A,Real Madrid,Deportivo de La CoruÃ±a,2:08,29
381,14/15,LaLiga,4,9/20/14,A,Real Madrid,Deportivo de La CoruÃ±a,2:08,41
382,14/15,LaLiga,4,9/20/14,A,Real Madrid,Deportivo de La CoruÃ±a,2:08,78
383,14/15,LaLiga,5,9/23/14,H,Real Madrid,Elche CF,5:01,28
384,14/15,LaLiga,5,9/23/14,H,Real Madrid,Elche CF,5:01,32
385,14/15,LaLiga,5,9/23/14,H,Real Madrid,Elche CF,5:01,80
386,14/15,LaLiga,5,9/23/14,H,Real Madrid,Elche CF,5:01,90
387,14/15,LaLiga,6,9/27/14,A,Real Madrid,Villarreal CF,0:02,40
388,14/15,UEFA Champions League,Group Stage,10-01-14,A,Real Madrid,Ludogorets Razgrad,1:02,25
389,14/15,LaLiga,7,10-05-14,H,Real Madrid,Athletic Bilbao,5:00,3
390,14/15,LaLiga,7,10-05-14,H,Real Madrid,Athletic Bilbao,5:00,55
391,14/15,LaLiga,7,10-05-14,H,Real Madrid,Athletic Bilbao,5:00,89
392,14/15,LaLiga,8,10/18/14,A,Real Madrid,Levante UD,0:05,13
393,14/15,LaLiga,8,10/18/14,A,Real Madrid,Levante UD,0:05,61
394,14/15,UEFA Champions League,Group Stage,10/22/14,A,Real Madrid,Liverpool FC,0:03,23
395,14/15,LaLiga,9,10/25/14,H,Real Madrid,FC Barcelona,3:01,35
396,14/15,LaLiga,10,11-01-14,A,Real Madrid,Granada CF,0:04,2
397,14/15,LaLiga,11,11-08-14,H,Real Madrid,Rayo Vallecano,5:01,83
398,14/15,LaLiga,12,11/22/14,A,Real Madrid,SD Eibar,0:04,43
399,14/15,LaLiga,12,11/22/14,A,Real Madrid,SD Eibar,0:04,83
400,14/15,UEFA Champions League,Group Stage,11/26/14,A,Real Madrid,FC Basel 1893,0:01,35
401,14/15,LaLiga,14,12-06-14,H,Real Madrid,Celta de Vigo,3:00,36
402,14/15,LaLiga,14,12-06-14,H,Real Madrid,Celta de Vigo,3:00,65
403,14/15,LaLiga,14,12-06-14,H,Real Madrid,Celta de Vigo,3:00,81
404,14/15,UEFA Champions League,Group Stage,12-09-14,H,Real Madrid,Ludogorets Razgrad,4:00,20
405,14/15,LaLiga,15,12-12-14,A,Real Madrid,UD Almeria,1:04,81
406,14/15,LaLiga,15,12-12-14,A,Real Madrid,UD Almeria,1:04,89
407,14/15,LaLiga,17,01-04-15,A,Real Madrid,Valencia CF,2:01,14
408,14/15,Copa del Rey,last 16,1/15/15,H,Real Madrid,Atletico de Madrid,2:02,54
409,14/15,LaLiga,19,1/18/15,A,Real Madrid,Getafe CF,0:03,63
410,14/15,LaLiga,19,1/18/15,A,Real Madrid,Getafe CF,0:03,79
411,14/15,UEFA Champions League,last 16,2/18/15,A,Real Madrid,FC Schalke 04,0:02,26
412,14/15,LaLiga,24,2/22/15,A,Real Madrid,Elche CF,0:02,69
413,14/15,LaLiga,25,03-01-15,H,Real Madrid,Villarreal CF,1:01,52
414,14/15,UEFA Champions League,last 16,03-10-15,H,Real Madrid,FC Schalke 04,3:04,25
415,14/15,UEFA Champions League,last 16,03-10-15,H,Real Madrid,FC Schalke 04,3:04,45
416,14/15,LaLiga,28,3/22/15,A,Real Madrid,FC Barcelona,2:01,31
417,14/15,LaLiga,29,04-05-15,H,Real Madrid,Granada CF,9:01,30
418,14/15,LaLiga,29,04-05-15,H,Real Madrid,Granada CF,9:01,36
419,14/15,LaLiga,29,04-05-15,H,Real Madrid,Granada CF,9:01,38
420,14/15,LaLiga,29,04-05-15,H,Real Madrid,Granada CF,9:01,54
421,14/15,LaLiga,29,04-05-15,H,Real Madrid,Granada CF,9:01,90
422,14/15,LaLiga,30,04-08-15,A,Real Madrid,Rayo Vallecano,0:02,68
423,14/15,LaLiga,31,04-11-15,H,Real Madrid,SD Eibar,3:00,21
424,14/15,LaLiga,32,4/18/15,H,Real Madrid,Malaga CF,3:01,90+2
425,14/15,LaLiga,35,05-02-15,A,Real Madrid,Sevilla FC,2:03,36
426,14/15,LaLiga,35,05-02-15,A,Real Madrid,Sevilla FC,2:03,37
427,14/15,LaLiga,35,05-02-15,A,Real Madrid,Sevilla FC,2:03,69
428,14/15,UEFA Champions League,Semi-Finals,05-05-15,A,Real Madrid,Juventus FC,2:01,27
429,14/15,UEFA Champions League,Semi-Finals,5/13/15,H,Real Madrid,Juventus FC,1:01,23
430,14/15,LaLiga,37,5/17/15,A,Real Madrid,RCD Espanyol Barcelona,1:04,59
431,14/15,LaLiga,37,5/17/15,A,Real Madrid,RCD Espanyol Barcelona,1:04,83
432,14/15,LaLiga,37,5/17/15,A,Real Madrid,RCD Espanyol Barcelona,1:04,90+1
433,14/15,LaLiga,38,5/23/15,H,Real Madrid,Getafe CF,7:03,13
434,14/15,LaLiga,38,5/23/15,H,Real Madrid,Getafe CF,7:03,32
435,14/15,LaLiga,38,5/23/15,H,Real Madrid,Getafe CF,7:03,34
436,15/16,LaLiga,3,09-12-15,A,Real Madrid,RCD Espanyol Barcelona,0:06,7
437,15/16,LaLiga,3,09-12-15,A,Real Madrid,RCD Espanyol Barcelona,0:06,17
438,15/16,LaLiga,3,09-12-15,A,Real Madrid,RCD Espanyol Barcelona,0:06,20
439,15/16,LaLiga,3,09-12-15,A,Real Madrid,RCD Espanyol Barcelona,0:06,62
440,15/16,LaLiga,3,09-12-15,A,Real Madrid,RCD Espanyol Barcelona,0:06,81
441,15/16,UEFA Champions League,Group Stage,9/15/15,H,Real Madrid,Shakhtar Donetsk,4:00,56
442,15/16,UEFA Champions League,Group Stage,9/15/15,H,Real Madrid,Shakhtar Donetsk,4:00,64
443,15/16,UEFA Champions League,Group Stage,9/15/15,H,Real Madrid,Shakhtar Donetsk,4:00,82
444,15/16,UEFA Champions League,Group Stage,9/30/15,A,Real Madrid,MalmÃ¶ FF,0:02,29
445,15/16,UEFA Champions League,Group Stage,9/30/15,A,Real Madrid,MalmÃ¶ FF,0:02,90
446,15/16,LaLiga,8,10/17/15,H,Real Madrid,Levante UD,3:00,30
447,15/16,LaLiga,9,10/24/15,A,Real Madrid,Celta de Vigo,1:03,8
448,15/16,LaLiga,10,10/31/15,H,Real Madrid,UD Las Palmas,3:01,14
449,15/16,UEFA Champions League,Group Stage,11/25/15,A,Real Madrid,Shakhtar Donetsk,3:04,18
450,15/16,UEFA Champions League,Group Stage,11/25/15,A,Real Madrid,Shakhtar Donetsk,3:04,70
451,15/16,LaLiga,13,11/29/15,A,Real Madrid,SD Eibar,0:02,82
452,15/16,LaLiga,14,12-05-15,H,Real Madrid,Getafe CF,4:01,38
453,15/16,UEFA Champions League,Group Stage,12-08-15,H,Real Madrid,MalmÃ¶ FF,8:00,39
454,15/16,UEFA Champions League,Group Stage,12-08-15,H,Real Madrid,MalmÃ¶ FF,8:00,47
455,15/16,UEFA Champions League,Group Stage,12-08-15,H,Real Madrid,MalmÃ¶ FF,8:00,50
456,15/16,UEFA Champions League,Group Stage,12-08-15,H,Real Madrid,MalmÃ¶ FF,8:00,59
457,15/16,LaLiga,16,12/20/15,H,Real Madrid,Rayo Vallecano,10:02,30
458,15/16,LaLiga,16,12/20/15,H,Real Madrid,Rayo Vallecano,10:02,54
459,15/16,LaLiga,17,12/30/15,H,Real Madrid,Real Sociedad,3:01,42
460,15/16,LaLiga,17,12/30/15,H,Real Madrid,Real Sociedad,3:01,68
461,15/16,LaLiga,20,1/17/16,H,Real Madrid,Sporting GijÃ³n,5:01,9
462,15/16,LaLiga,20,1/17/16,H,Real Madrid,Sporting GijÃ³n,5:01,18
463,15/16,LaLiga,22,1/31/16,H,Real Madrid,RCD Espanyol Barcelona,6:00,12
464,15/16,LaLiga,22,1/31/16,H,Real Madrid,RCD Espanyol Barcelona,6:00,45
465,15/16,LaLiga,22,1/31/16,H,Real Madrid,RCD Espanyol Barcelona,6:00,82
466,15/16,LaLiga,24,2/13/16,H,Real Madrid,Athletic Bilbao,4:02,3
467,15/16,LaLiga,24,2/13/16,H,Real Madrid,Athletic Bilbao,4:02,87
468,15/16,UEFA Champions League,last 16,2/17/16,A,Real Madrid,AS Roma,0:02,57
469,15/16,LaLiga,25,2/21/16,A,Real Madrid,Malaga CF,1:01,33
470,15/16,LaLiga,27,03-02-16,A,Real Madrid,Levante UD,1:03,34
471,15/16,LaLiga,28,03-05-16,H,Real Madrid,Celta de Vigo,7:01,50
472,15/16,LaLiga,28,03-05-16,H,Real Madrid,Celta de Vigo,7:01,58
473,15/16,LaLiga,28,03-05-16,H,Real Madrid,Celta de Vigo,7:01,64
474,15/16,LaLiga,28,03-05-16,H,Real Madrid,Celta de Vigo,7:01,76
475,15/16,UEFA Champions League,last 16,03-08-16,H,Real Madrid,AS Roma,2:00,64
476,15/16,LaLiga,30,3/20/16,H,Real Madrid,Sevilla FC,4:00,64
477,15/16,LaLiga,31,04-02-16,A,Real Madrid,FC Barcelona,1:02,85
478,15/16,LaLiga,32,04-09-16,H,Real Madrid,SD Eibar,4:00,19
479,15/16,UEFA Champions League,Quarter-Finals,04-12-16,H,Real Madrid,VfL Wolfsburg,3:00,16
480,15/16,UEFA Champions League,Quarter-Finals,04-12-16,H,Real Madrid,VfL Wolfsburg,3:00,17
481,15/16,UEFA Champions League,Quarter-Finals,04-12-16,H,Real Madrid,VfL Wolfsburg,3:00,77
482,15/16,LaLiga,33,4/16/16,A,Real Madrid,Getafe CF,1:05,90+2
483,15/16,LaLiga,37,05-08-16,H,Real Madrid,Valencia CF,3:02,26
484,15/16,LaLiga,37,05-08-16,H,Real Madrid,Valencia CF,3:02,59
485,15/16,LaLiga,38,5/14/16,A,Real Madrid,Deportivo de La CoruÃ±a,0:02,8
486,15/16,LaLiga,38,5/14/16,A,Real Madrid,Deportivo de La CoruÃ±a,0:02,25
487,16/17,LaLiga,3,09-10-16,H,Real Madrid,CA Osasuna,5:02,6
488,16/17,UEFA Champions League,Group Stage,9/14/16,H,Real Madrid,Sporting CP,2:01,89
489,16/17,UEFA Champions League,Group Stage,9/27/16,A,Real Madrid,Borussia Dortmund,2:02,17
490,16/17,LaLiga,8,10/15/16,A,Real Madrid,Real Betis Balompie,1:06,78
491,16/17,LaLiga,10,10/29/16,A,Real Madrid,Deportivo Alaves,1:04,17
492,16/17,LaLiga,10,10/29/16,A,Real Madrid,Deportivo Alaves,1:04,33
493,16/17,LaLiga,10,10/29/16,A,Real Madrid,Deportivo Alaves,1:04,88
494,16/17,LaLiga,12,11/19/16,A,Real Madrid,Atletico de Madrid,0:03,23
495,16/17,LaLiga,12,11/19/16,A,Real Madrid,Atletico de Madrid,0:03,71
496,16/17,LaLiga,12,11/19/16,A,Real Madrid,Atletico de Madrid,0:03,77
497,16/17,LaLiga,13,11/26/16,H,Real Madrid,Sporting GijÃ³n,2:01,5
498,16/17,LaLiga,13,11/26/16,H,Real Madrid,Sporting GijÃ³n,2:01,18
499,16/17,FIFA Club World Cup,Semi-Finals,12/15/16,A,Real Madrid,CF America,0:02,90+3
500,16/17,FIFA Club World Cup,Final,12/18/16,H,Real Madrid,Kashima Antlers,4:2 AET,60
501,16/17,FIFA Club World Cup,Final,12/18/16,H,Real Madrid,Kashima Antlers,4:2 AET,97
502,16/17,FIFA Club World Cup,Final,12/18/16,H,Real Madrid,Kashima Antlers,4:2 AET,104
503,16/17,LaLiga,17,01-07-17,H,Real Madrid,Granada CF,5:00,27
504,16/17,LaLiga,18,1/15/17,A,Real Madrid,Sevilla FC,2:01,67
505,16/17,Copa del Rey,Quarter-Finals,1/25/17,A,Real Madrid,Celta de Vigo,2:02,62
506,16/17,LaLiga,20,1/29/17,H,Real Madrid,Real Sociedad,3:00,51
507,16/17,LaLiga,22,02-11-17,A,Real Madrid,CA Osasuna,1:03,24
508,16/17,LaLiga,16,2/22/17,A,Real Madrid,Valencia CF,2:01,44
509,16/17,LaLiga,24,2/26/17,A,Real Madrid,Villarreal CF,2:03,74
510,16/17,LaLiga,25,03-01-17,H,Real Madrid,UD Las Palmas,3:03,86
511,16/17,LaLiga,25,03-01-17,H,Real Madrid,UD Las Palmas,3:03,89
512,16/17,LaLiga,27,03-12-17,H,Real Madrid,Real Betis Balompie,2:01,41
513,16/17,UEFA Champions League,Quarter-Finals,04-12-17,A,Real Madrid,Bayern Munich,1:02,47
514,16/17,UEFA Champions League,Quarter-Finals,04-12-17,A,Real Madrid,Bayern Munich,1:02,77
515,16/17,UEFA Champions League,Quarter-Finals,4/18/17,H,Real Madrid,Bayern Munich,4:2 AET,76
516,16/17,UEFA Champions League,Quarter-Finals,4/18/17,H,Real Madrid,Bayern Munich,4:2 AET,105
517,16/17,UEFA Champions League,Quarter-Finals,4/18/17,H,Real Madrid,Bayern Munich,4:2 AET,109
518,16/17,LaLiga,35,4/29/17,H,Real Madrid,Valencia CF,2:01,27
519,16/17,UEFA Champions League,Semi-Finals,05-02-17,H,Real Madrid,Atletico de Madrid,3:00,10
520,16/17,UEFA Champions League,Semi-Finals,05-02-17,H,Real Madrid,Atletico de Madrid,3:00,73
521,16/17,UEFA Champions League,Semi-Finals,05-02-17,H,Real Madrid,Atletico de Madrid,3:00,86
522,16/17,LaLiga,37,5/14/17,H,Real Madrid,Sevilla FC,4:01,23
523,16/17,LaLiga,37,5/14/17,H,Real Madrid,Sevilla FC,4:01,78
524,16/17,LaLiga,21,5/17/17,A,Real Madrid,Celta de Vigo,1:04,10
525,16/17,LaLiga,21,5/17/17,A,Real Madrid,Celta de Vigo,1:04,48
526,16/17,LaLiga,38,5/21/17,A,Real Madrid,Malaga CF,0:02,2
527,16/17,UEFA Champions League,Final,06-03-17,A,Real Madrid,Juventus FC,1:04,20
528,16/17,UEFA Champions League,Final,06-03-17,A,Real Madrid,Juventus FC,1:04,64
529,17/18,Supercopa,final,8/13/17,A,Real Madrid,FC Barcelona,1:03,80
530,17/18,UEFA Champions League,Group Stage,9/13/17,H,Real Madrid,APOEL Nicosia,3:00,12
531,17/18,UEFA Champions League,Group Stage,9/13/17,H,Real Madrid,APOEL Nicosia,3:00,51
532,17/18,UEFA Champions League,Group Stage,9/26/17,A,Real Madrid,Borussia Dortmund,1:03,49
533,17/18,UEFA Champions League,Group Stage,9/26/17,A,Real Madrid,Borussia Dortmund,1:03,79
534,17/18,LaLiga,8,10/14/17,A,Real Madrid,Getafe CF,1:02,85
535,17/18,UEFA Champions League,Group Stage,10/17/17,H,Real Madrid,Tottenham Hotspur,1:01,43
536,17/18,UEFA Champions League,Group Stage,11-01-17,A,Real Madrid,Tottenham Hotspur,3:01,80
537,17/18,UEFA Champions League,Group Stage,11/21/17,A,Real Madrid,APOEL Nicosia,0:06,49
538,17/18,UEFA Champions League,Group Stage,11/21/17,A,Real Madrid,APOEL Nicosia,0:06,54
539,17/18,LaLiga,13,11/25/17,H,Real Madrid,Malaga CF,3:02,76
540,17/18,UEFA Champions League,Group Stage,12-06-17,H,Real Madrid,Borussia Dortmund,3:02,12
541,17/18,LaLiga,15,12-09-17,H,Real Madrid,Sevilla FC,5:00,23
542,17/18,LaLiga,15,12-09-17,H,Real Madrid,Sevilla FC,5:00,31
543,17/18,FIFA Club World Cup,Semi-Finals,12/13/17,A,Real Madrid,Al-Jazira (Abu Dhabi),1:02,53
544,17/18,FIFA Club World Cup,Final,12/16/17,H,Real Madrid,GrÃªmio Foot-Ball Porto Alegrense,1:00,53
545,17/18,LaLiga,20,1/21/18,H,Real Madrid,Deportivo de La CoruÃ±a,7:01,78
546,17/18,LaLiga,20,1/21/18,H,Real Madrid,Deportivo de La CoruÃ±a,7:01,84
547,17/18,LaLiga,21,1/27/18,A,Real Madrid,Valencia CF,1:04,16
548,17/18,LaLiga,21,1/27/18,A,Real Madrid,Valencia CF,1:04,38
549,17/18,LaLiga,23,02-10-18,H,Real Madrid,Real Sociedad,5:02,27
550,17/18,LaLiga,23,02-10-18,H,Real Madrid,Real Sociedad,5:02,37
551,17/18,LaLiga,23,02-10-18,H,Real Madrid,Real Sociedad,5:02,80
552,17/18,UEFA Champions League,last 16,2/14/18,H,Real Madrid,Paris Saint-Germain,3:01,45
553,17/18,UEFA Champions League,last 16,2/14/18,H,Real Madrid,Paris Saint-Germain,3:01,83
554,17/18,LaLiga,24,2/18/18,A,Real Madrid,Real Betis Balompie,3:05,65
555,17/18,LaLiga,25,2/24/18,H,Real Madrid,Deportivo Alaves,4:00,44
556,17/18,LaLiga,25,2/24/18,H,Real Madrid,Deportivo Alaves,4:00,61
557,17/18,LaLiga,27,03-03-18,H,Real Madrid,Getafe CF,3:01,45+1
558,17/18,LaLiga,27,03-03-18,H,Real Madrid,Getafe CF,3:01,78
559,17/18,UEFA Champions League,last 16,03-06-18,A,Real Madrid,Paris Saint-Germain,1:02,51
560,17/18,LaLiga,28,03-10-18,A,Real Madrid,SD Eibar,1:02,33
561,17/18,LaLiga,28,03-10-18,A,Real Madrid,SD Eibar,1:02,84
562,17/18,LaLiga,29,3/18/18,H,Real Madrid,Girona FC,6:03,11
563,17/18,LaLiga,29,3/18/18,H,Real Madrid,Girona FC,6:03,47
564,17/18,LaLiga,29,3/18/18,H,Real Madrid,Girona FC,6:03,64
565,17/18,LaLiga,29,3/18/18,H,Real Madrid,Girona FC,6:03,90+1
566,17/18,UEFA Champions League,Quarter-Finals,04-03-18,A,Real Madrid,Juventus FC,0:03,3
567,17/18,UEFA Champions League,Quarter-Finals,04-03-18,A,Real Madrid,Juventus FC,0:03,64
568,17/18,LaLiga,31,04-08-18,H,Real Madrid,Atletico de Madrid,1:01,53
569,17/18,UEFA Champions League,Quarter-Finals,04-11-18,H,Real Madrid,Juventus FC,1:03,90+7
570,17/18,LaLiga,33,4/18/18,H,Real Madrid,Athletic Bilbao,1:01,87
571,17/18,LaLiga,36,05-06-18,A,Real Madrid,FC Barcelona,2:02,14
572,17/18,LaLiga,38,5/19/18,A,Real Madrid,Villarreal CF,2:02,32
573,18/19,Serie A,4,9/16/18,H,Juventus FC,US Sassuolo,2:01,50
574,18/19,Serie A,4,9/16/18,H,Juventus FC,US Sassuolo,2:01,65
575,18/19,Serie A,5,9/23/18,A,Juventus FC,Frosinone Calcio,0:02,81
576,18/19,Serie A,8,10-06-18,A,Juventus FC,Udinese Calcio,0:02,37
577,18/19,Serie A,9,10/20/18,H,Juventus FC,Genoa CFC,1:01,18
578,18/19,Serie A,10,10/27/18,A,Juventus FC,Empoli FC ,1:02,54
579,18/19,Serie A,10,10/27/18,A,Juventus FC,Empoli FC ,1:02,70
580,18/19,UEFA Champions League,Group Stage,11-07-18,H,Juventus FC,Manchester United,1:02,65
581,18/19,Serie A,12,11-11-18,A,Juventus FC,AC Milan,0:02,81
582,18/19,Serie A,13,11/24/18,H,Juventus FC,SPAL,2:00,29
583,18/19,Serie A,14,12-01-18,A,Juventus FC,ACF Fiorentina,0:03,79
584,18/19,Serie A,16,12/15/18,A,Juventus FC,Torino FC,0:01,70
585,18/19,Serie A,18,12/26/18,A,Juventus FC,Atalanta BC,2:02,78
586,18/19,Serie A,19,12/29/18,H,Juventus FC,UC Sampdoria,2:01,2
587,18/19,Serie A,19,12/29/18,H,Juventus FC,UC Sampdoria,2:01,65
588,18/19,Supercoppa Italiana,Final,1/16/19,H,Juventus FC,AC Milan,1:00,61
589,18/19,Serie A,21,1/27/19,A,Juventus FC,SS Lazio,1:02,88
590,18/19,Serie A,22,02-02-19,H,Juventus FC,Parma Calcio 1913,3:03,36
591,18/19,Serie A,22,02-02-19,H,Juventus FC,Parma Calcio 1913,3:03,66
592,18/19,Serie A,23,02-10-19,A,Juventus FC,US Sassuolo,0:03,70
593,18/19,Serie A,24,2/15/19,H,Juventus FC,Frosinone Calcio,3:00,63
594,18/19,UEFA Champions League,last 16,03-12-19,H,Juventus FC,Atletico de Madrid,3:00,27
595,18/19,UEFA Champions League,last 16,03-12-19,H,Juventus FC,Atletico de Madrid,3:00,49
596,18/19,UEFA Champions League,last 16,03-12-19,H,Juventus FC,Atletico de Madrid,3:00,86
597,18/19,UEFA Champions League,Quarter-Finals,04-10-19,A,Juventus FC,Ajax Amsterdam,1:01,45
598,18/19,UEFA Champions League,Quarter-Finals,4/16/19,H,Juventus FC,Ajax Amsterdam,1:02,28
599,18/19,Serie A,34,4/27/19,A,Juventus FC,Inter Milan,1:01,62
600,18/19,Serie A,35,05-03-19,H,Juventus FC,Torino FC,1:01,84
601,19/20,Serie A,2,8/31/19,H,Juventus FC,SSC Napoli,4:03,62
602,19/20,Serie A,4,9/21/19,H,Juventus FC,Hellas Verona,2:01,49
603,19/20,Serie A,6,9/28/19,H,Juventus FC,SPAL,2:00,78
604,19/20,UEFA Champions League,Group Stage,10-01-19,H,Juventus FC,Bayer 04 Leverkusen,3:00,89
605,19/20,Serie A,8,10/19/19,H,Juventus FC,Bologna FC 1909,2:01,19
606,19/20,Serie A,10,10/30/19,H,Juventus FC,Genoa CFC,2:01,90+6
607,19/20,Serie A,14,12-01-19,H,Juventus FC,US Sassuolo,2:02,68
608,19/20,Serie A,15,12-07-19,A,Juventus FC,SS Lazio,3:01,25
609,19/20,UEFA Champions League,Group Stage,12-11-19,A,Juventus FC,Bayer 04 Leverkusen,0:02,75
610,19/20,Serie A,16,12/15/19,H,Juventus FC,Udinese Calcio,3:01,9
611,19/20,Serie A,16,12/15/19,H,Juventus FC,Udinese Calcio,3:01,37
612,19/20,Serie A,17,12/18/19,A,Juventus FC,UC Sampdoria,1:02,45
613,19/20,Serie A,18,01-06-20,H,Juventus FC,Cagliari Calcio,4:00,49
614,19/20,Serie A,18,01-06-20,H,Juventus FC,Cagliari Calcio,4:00,67
615,19/20,Serie A,18,01-06-20,H,Juventus FC,Cagliari Calcio,4:00,82
616,19/20,Serie A,19,01-12-20,A,Juventus FC,AS Roma,1:02,10
617,19/20,Serie A,20,1/19/20,H,Juventus FC,Parma Calcio 1913,2:01,43
618,19/20,Serie A,20,1/19/20,H,Juventus FC,Parma Calcio 1913,2:01,58
619,19/20,Italy Cup,Quarter-Finals,1/22/20,H,Juventus FC,AS Roma,3:01,26
620,19/20,Serie A,21,1/26/20,A,Juventus FC,SSC Napoli,2:01,90
621,19/20,Serie A,22,02-02-20,H,Juventus FC,ACF Fiorentina,3:00,40
622,19/20,Serie A,22,02-02-20,H,Juventus FC,ACF Fiorentina,3:00,80
623,19/20,Serie A,23,02-08-20,A,Juventus FC,Hellas Verona,2:01,65
624,19/20,Italy Cup,Semi-Finals,2/13/20,A,Juventus FC,AC Milan,1:01,90+1
625,19/20,Serie A,25,2/22/20,A,Juventus FC,SPAL,1:02,39
626,19/20,Serie A,27,6/22/20,A,Juventus FC,Bologna FC 1909,0:02,23
627,19/20,Serie A,28,6/26/20,H,Juventus FC,US Lecce,4:00,62
628,19/20,Serie A,29,6/30/20,A,Juventus FC,Genoa CFC,1:03,56
629,19/20,Serie A,30,07-04-20,H,Juventus FC,Torino FC,4:01,61
630,19/20,Serie A,31,07-07-20,A,Juventus FC,AC Milan,4:02,53
631,19/20,Serie A,32,07-11-20,H,Juventus FC,Atalanta BC,2:02,55
632,19/20,Serie A,32,07-11-20,H,Juventus FC,Atalanta BC,2:02,90
633,19/20,Serie A,34,7/20/20,H,Juventus FC,SS Lazio,2:01,51
634,19/20,Serie A,34,7/20/20,H,Juventus FC,SS Lazio,2:01,54
635,19/20,Serie A,36,7/26/20,H,Juventus FC,UC Sampdoria,2:00,45+7
636,19/20,UEFA Champions League,last 16,08-07-20,H,Juventus FC,Olympique Lyon,2:01,43
637,19/20,UEFA Champions League,last 16,08-07-20,H,Juventus FC,Olympique Lyon,2:01,60
638,20/21,Serie A,1,9/20/20,H,Juventus FC,UC Sampdoria,3:00,88
639,20/21,Serie A,2,9/27/20,A,Juventus FC,AS Roma,2:02,44
640,20/21,Serie A,2,9/27/20,A,Juventus FC,AS Roma,2:02,69
641,20/21,Serie A,6,11-01-20,A,Juventus FC,Spezia Calcio,1:04,59
642,20/21,Serie A,6,11-01-20,A,Juventus FC,Spezia Calcio,1:04,76
643,20/21,Serie A,7,11-08-20,A,Juventus FC,SS Lazio,1:01,15
644,20/21,Serie A,8,11/21/20,H,Juventus FC,Cagliari Calcio,2:00,38
645,20/21,Serie A,8,11/21/20,H,Juventus FC,Cagliari Calcio,2:00,42
646,20/21,UEFA Champions League,Group Stage,11/24/20,H,Juventus FC,Ferencvarosi TC,2:01,35
647,20/21,UEFA Champions League,Group Stage,12-02-20,H,Juventus FC,Dynamo Kyiv,3:00,57
648,20/21,UEFA Champions League,Group Stage,12-08-20,A,Juventus FC,FC Barcelona,0:03,13
649,20/21,UEFA Champions League,Group Stage,12-08-20,A,Juventus FC,FC Barcelona,0:03,52
650,20/21,Serie A,11,12/13/20,A,Juventus FC,Genoa CFC,1:03,78
651,20/21,Serie A,11,12/13/20,A,Juventus FC,Genoa CFC,1:03,89
652,20/21,Serie A,13,12/19/20,A,Juventus FC,Parma Calcio 1913,0:04,26
653,20/21,Serie A,13,12/19/20,A,Juventus FC,Parma Calcio 1913,0:04,48
654,20/21,Serie A,15,01-03-21,H,Juventus FC,Udinese Calcio,4:01,31
655,20/21,Serie A,15,01-03-21,H,Juventus FC,Udinese Calcio,4:01,70
656,20/21,Serie A,17,01-10-21,H,Juventus FC,US Sassuolo,3:01,90+2
657,20/21,Supercoppa Italiana,Final,1/20/21,H,Juventus FC,SSC Napoli,2:00,64
658,20/21,Italy Cup,Semi-Finals,02-02-21,A,Juventus FC,Inter Milan,1:02,26
659,20/21,Italy Cup,Semi-Finals,02-02-21,A,Juventus FC,Inter Milan,1:02,35
660,20/21,Serie A,21,02-06-21,H,Juventus FC,AS Roma,2:00,13
661,20/21,Serie A,23,2/22/21,H,Juventus FC,FC Crotone,3:00,38
662,20/21,Serie A,23,2/22/21,H,Juventus FC,FC Crotone,3:00,45+1
663,20/21,Serie A,24,2/27/21,A,Juventus FC,Hellas Verona,1:01,49
664,20/21,Serie A,25,03-02-21,H,Juventus FC,Spezia Calcio,3:00,89
665,20/21,Serie A,27,3/14/21,A,Juventus FC,Cagliari Calcio,1:03,10
666,20/21,Serie A,27,3/14/21,A,Juventus FC,Cagliari Calcio,1:03,25
667,20/21,Serie A,27,3/14/21,A,Juventus FC,Cagliari Calcio,1:03,32
668,20/21,Serie A,29,04-03-21,A,Juventus FC,Torino FC,2:02,79
669,20/21,Serie A,3,04-07-21,H,Juventus FC,SSC Napoli,2:01,13
670,20/21,Serie A,34,05-02-21,A,Juventus FC,Udinese Calcio,1:02,83
671,20/21,Serie A,34,05-02-21,A,Juventus FC,Udinese Calcio,1:02,89
672,20/21,Serie A,36,05-12-21,A,Juventus FC,US Sassuolo,1:03,45
673,20/21,Serie A,37,5/15/21,H,Juventus FC,Inter Milan,3:02,24
674,21/22,Premier League,4,09-11-21,H,Manchester United,Newcastle United,4:01,45+2
675,21/22,Premier League,4,09-11-21,H,Manchester United,Newcastle United,4:01,62
676,21/22,UEFA Champions League,Group Stage,9/14/21,A,Manchester United,BSC Young Boys,2:01,13
677,21/22,Premier League,5,9/19/21,A,Manchester United,West Ham United,1:02,35
678,21/22,UEFA Champions League,Group Stage,9/29/21,H,Manchester United,Villarreal CF,2:01,90+5
679,21/22,UEFA Champions League,Group Stage,10/20/21,H,Manchester United,Atalanta BC,3:02,81
680,21/22,Premier League,10,10/30/21,A,Manchester United,Tottenham Hotspur,0:03,39
681,21/22,UEFA Champions League,Group Stage,11-02-21,A,Manchester United,Atalanta BC,2:02,45+1
682,21/22,UEFA Champions League,Group Stage,11-02-21,A,Manchester United,Atalanta BC,2:02,90+1
683,21/22,UEFA Champions League,Group Stage,11/23/21,A,Manchester United,Villarreal CF,0:02,78
684,21/22,Premier League,14,12-02-21,H,Manchester United,Arsenal FC,3:02,52
685,21/22,Premier League,14,12-02-21,H,Manchester United,Arsenal FC,3:02,70
686,21/22,Premier League,16,12-11-21,A,Manchester United,Norwich City,0:01,75
687,21/22,Premier League,20,12/30/21,H,Manchester United,Burnley FC,3:01,35
688,21/22,Premier League,18,2/15/22,H,Manchester United,Brighton & Hove Albion,2:00,51
689,21/22,Premier League,29,03-12-22,H,Manchester United,Tottenham Hotspur,3:02,12
690,21/22,Premier League,29,03-12-22,H,Manchester United,Tottenham Hotspur,3:02,38
691,21/22,Premier League,29,03-12-22,H,Manchester United,Tottenham Hotspur,3:02,81
692,21/22,Premier League,33,4/16/22,H,Manchester United,Norwich City,3:02,7
693,21/22,Premier League,33,4/16/22,H,Manchester United,Norwich City,3:02,32
694,21/22,Premier League,33,4/16/22,H,Manchester United,Norwich City,3:02,76
695,21/22,Premier League,34,4/23/22,A,Manchester United,Arsenal FC,3:01,34
696,21/22,Premier League,37,4/28/22,H,Manchester United,Chelsea FC,1:01,62
697,21/22,Premier League,35,05-02-22,H,Manchester United,Brentford FC,3:00,61
698,22/23,Europa League,Group Stage,9/15/22,A,Manchester United,FC Sheriff,0:02,39
699,22/23,Premier League,10,10/9/22,A,Manchester United,Everton FC,1:2,44
700,22/23,Europa League,Group Stage,10/27/22,H,Manchester United,FC Sheriff,3:0,81
